2018-04-03 20:40:43.000000,5abfebcc520148bec1b9006e,request,warm_dark_matter_concentration,6.492613873468308,eV
2018-04-03 20:40:54.426852,5abfebc7520148bec1b9006c,timeout,cold_dark_matter_concentration,1.9671334010244088,CeV
2018-04-03 20:40:54.426852,5abfebca520148bec1b9006d,timeout,cold_dark_matter_concentration,10.205773067381966,CeV
2018-04-03 20:40:54.426852,5abfebcc520148bec1b9006e,timeout,cold_dark_matter_concentration,6.671496797492037,CeV
2018-04-03 20:40:54.426852,5abfebc7520148bec1b9006c,timeout,hot_dark_matter_concentration,16.264270620395614,TeV
2018-04-03 20:40:54.426852,5abfebca520148bec1b9006d,timeout,hot_dark_matter_concentration,18.94783391915653,TeV
2018-04-03 20:40:54.426852,5abfebcc520148bec1b9006e,timeout,hot_dark_matter_concentration,4.286322275335063,TeV
2018-04-03 20:40:54.426852,5abfebc7520148bec1b9006c,timeout,warm_dark_matter_concentration,19.508401333027503,eV
2018-04-03 20:40:54.426852,5abfebca520148bec1b9006d,timeout,warm_dark_matter_concentration,23.729123858770485,eV
2018-04-03 20:40:54.426852,5abfebcc520148bec1b9006e,timeout,warm_dark_matter_concentration,21.62873501655338,eV
2018-04-03 20:40:54.426852,5abfebc7520148bec1b9006c,timeout,space_radiation,50.77381091496472,keV
2018-04-03 20:40:54.426852,5abfebca520148bec1b9006d,timeout,space_radiation,4.643803029506244,keV
2018-04-03 20:40:54.426852,5abfebcc520148bec1b9006e,timeout,space_radiation,41.45257178791645,keV
2018-04-03 20:40:57.426852,5abfebc7520148bec1b9006c,timeout,cold_dark_matter_concentration,10.422782206959317,CeV
2018-04-03 20:40:57.426852,5abfebca520148bec1b9006d,timeout,cold_dark_matter_concentration,5.096795575656737,CeV
2018-04-03 20:40:57.426852,5abfebcc520148bec1b9006e,timeout,cold_dark_matter_concentration,11.684059476456046,CeV
2018-04-03 20:40:57.426852,5abfebc7520148bec1b9006c,timeout,hot_dark_matter_concentration,89.53813466017456,TeV
2018-04-03 20:40:57.426852,5abfebca520148bec1b9006d,timeout,hot_dark_matter_concentration,61.34114225803972,TeV
2018-04-03 20:40:57.426852,5abfebcc520148bec1b9006e,timeout,hot_dark_matter_concentration,13.433042375543069,TeV
2018-04-03 20:40:57.426852,5abfebc7520148bec1b9006c,timeout,warm_dark_matter_concentration,3.409799212749193,eV
2018-04-03 20:40:57.426852,5abfebca520148bec1b9006d,timeout,warm_dark_matter_concentration,6.267755858953301,eV
2018-04-03 20:40:57.426852,5abfebcc520148bec1b9006e,timeout,warm_dark_matter_concentration,11.570180609461932,eV
2018-04-03 20:40:57.426852,5abfebc7520148bec1b9006c,timeout,space_radiation,92.53108258579437,keV
2018-04-03 20:40:57.426852,5abfebca520148bec1b9006d,timeout,space_radiation,75.6687308515986,keV
2018-04-03 20:40:57.426852,5abfebcc520148bec1b9006e,timeout,space_radiation,26.11667899482858,keV
2018-04-03 20:40:58.000000,5abfebcc520148bec1b9006e,request,space_radiation,16.230315957568152,keV
2018-04-03 20:41:15.426852,5abfebc7520148bec1b9006c,timeout,cold_dark_matter_concentration,4.049535084267838,CeV
2018-04-03 20:41:15.426852,5abfebca520148bec1b9006d,timeout,cold_dark_matter_concentration,2.320928826886308,CeV
2018-04-03 20:41:15.426852,5abfebcc520148bec1b9006e,timeout,cold_dark_matter_concentration,3.0788031814634387,CeV
2018-04-03 20:41:15.426852,5abfebc7520148bec1b9006c,timeout,hot_dark_matter_concentration,18.38884592269372,TeV
2018-04-03 20:41:15.426852,5abfebca520148bec1b9006d,timeout,hot_dark_matter_concentration,46.491380639676606,TeV
2018-04-03 20:41:15.426852,5abfebcc520148bec1b9006e,timeout,hot_dark_matter_concentration,25.386075085551862,TeV
2018-04-03 20:41:15.426852,5abfebc7520148bec1b9006c,timeout,warm_dark_matter_concentration,12.370911084341525,eV
2018-04-03 20:41:15.426852,5abfebca520148bec1b9006d,timeout,warm_dark_matter_concentration,23.594267170823326,eV
2018-04-03 20:41:15.426852,5abfebcc520148bec1b9006e,timeout,warm_dark_matter_concentration,8.986344857378043,eV
2018-04-03 20:41:15.426852,5abfebc7520148bec1b9006c,timeout,space_radiation,1.3635516468684439,keV
2018-04-03 20:41:15.426852,5abfebca520148bec1b9006d,timeout,space_radiation,7.541775339657287,keV
2018-04-03 20:41:15.426852,5abfebcc520148bec1b9006e,timeout,space_radiation,16.260772086618978,keV
2018-04-03 20:41:18.426852,5abfebc7520148bec1b9006c,timeout,cold_dark_matter_concentration,7.066380593894016,CeV
2018-04-03 20:41:18.426852,5abfebca520148bec1b9006d,timeout,cold_dark_matter_concentration,9.598407712525526,CeV
2018-04-03 20:41:18.426852,5abfebcc520148bec1b9006e,timeout,cold_dark_matter_concentration,11.478426905979905,CeV
2018-04-03 20:41:18.426852,5abfebc7520148bec1b9006c,timeout,hot_dark_matter_concentration,84.24931196029439,TeV
2018-04-03 20:41:18.426852,5abfebca520148bec1b9006d,timeout,hot_dark_matter_concentration,12.561791773085474,TeV
2018-04-03 20:41:18.426852,5abfebcc520148bec1b9006e,timeout,hot_dark_matter_concentration,82.34998523373434,TeV
2018-04-03 20:41:18.426852,5abfebc7520148bec1b9006c,timeout,warm_dark_matter_concentration,9.177448655674809,eV
2018-04-03 20:41:18.426852,5abfebca520148bec1b9006d,timeout,warm_dark_matter_concentration,19.60271245286478,eV
2018-04-03 20:41:18.426852,5abfebcc520148bec1b9006e,timeout,warm_dark_matter_concentration,6.512035484413943,eV
2018-04-03 20:41:18.426852,5abfebc7520148bec1b9006c,timeout,space_radiation,47.377757203220305,keV
2018-04-03 20:41:18.426852,5abfebca520148bec1b9006d,timeout,space_radiation,0.9135161391640167,keV
2018-04-03 20:41:18.426852,5abfebcc520148bec1b9006e,timeout,space_radiation,55.00329946809146,keV
2018-04-03 20:41:22.000000,5abfebc7520148bec1b9006c,request,hot_dark_matter_concentration,55.51904121368874,TeV
2018-04-03 20:41:25.000000,5abfebcc520148bec1b9006e,request,cold_dark_matter_concentration,4.9409408887497435,CeV
2018-04-03 20:41:37.000000,5abfebcc520148bec1b9006e,request,hot_dark_matter_concentration,87.31475860501872,TeV
2018-04-03 20:41:49.000000,5abfebc7520148bec1b9006c,request,space_radiation,1.0283610450112501,keV
2018-04-03 20:41:51.426852,5abfebc7520148bec1b9006c,timeout,cold_dark_matter_concentration,6.661453059026801,CeV
2018-04-03 20:41:51.426852,5abfebca520148bec1b9006d,timeout,cold_dark_matter_concentration,1.7244899754122973,CeV
2018-04-03 20:41:51.426852,5abfebcc520148bec1b9006e,timeout,cold_dark_matter_concentration,6.277604021926159,CeV
2018-04-03 20:41:51.426852,5abfebc7520148bec1b9006c,timeout,hot_dark_matter_concentration,5.7582117558926615,TeV
2018-04-03 20:41:51.426852,5abfebca520148bec1b9006d,timeout,hot_dark_matter_concentration,4.057323658186696,TeV
2018-04-03 20:41:51.426852,5abfebcc520148bec1b9006e,timeout,hot_dark_matter_concentration,15.687850988169439,TeV
2018-04-03 20:41:51.426852,5abfebc7520148bec1b9006c,timeout,warm_dark_matter_concentration,16.39526213094216,eV
2018-04-03 20:41:51.426852,5abfebca520148bec1b9006d,timeout,warm_dark_matter_concentration,20.232762980654645,eV
2018-04-03 20:41:51.426852,5abfebcc520148bec1b9006e,timeout,warm_dark_matter_concentration,16.60669538151207,eV
2018-04-03 20:41:51.426852,5abfebc7520148bec1b9006c,timeout,space_radiation,48.56689950157387,keV
2018-04-03 20:41:51.426852,5abfebca520148bec1b9006d,timeout,space_radiation,79.76543714839035,keV
2018-04-03 20:41:51.426852,5abfebcc520148bec1b9006e,timeout,space_radiation,42.22754720824553,keV
2018-04-03 20:41:52.000000,5abfebc7520148bec1b9006c,request,warm_dark_matter_concentration,14.081861226928803,eV
2018-04-03 20:42:37.000000,5abfebcc520148bec1b9006e,request,space_radiation,74.7417685583639,keV
2018-04-03 20:42:42.426852,5abfebc7520148bec1b9006c,timeout,cold_dark_matter_concentration,6.362957136238429,CeV
2018-04-03 20:42:42.426852,5abfebca520148bec1b9006d,timeout,cold_dark_matter_concentration,4.865964190256442,CeV
2018-04-03 20:42:42.426852,5abfebcc520148bec1b9006e,timeout,cold_dark_matter_concentration,6.0969914975684105,CeV
2018-04-03 20:42:42.426852,5abfebc7520148bec1b9006c,timeout,hot_dark_matter_concentration,82.45524461876055,TeV
2018-04-03 20:42:42.426852,5abfebca520148bec1b9006d,timeout,hot_dark_matter_concentration,58.633769402132515,TeV
2018-04-03 20:42:42.426852,5abfebcc520148bec1b9006e,timeout,hot_dark_matter_concentration,95.35295702154812,TeV
2018-04-03 20:42:42.426852,5abfebc7520148bec1b9006c,timeout,warm_dark_matter_concentration,2.3657349462333297,eV
2018-04-03 20:42:42.426852,5abfebca520148bec1b9006d,timeout,warm_dark_matter_concentration,11.111624652256253,eV
2018-04-03 20:42:42.426852,5abfebcc520148bec1b9006e,timeout,warm_dark_matter_concentration,7.879649353295395,eV
2018-04-03 20:42:42.426852,5abfebc7520148bec1b9006c,timeout,space_radiation,7.238593935433235,keV
2018-04-03 20:42:42.426852,5abfebca520148bec1b9006d,timeout,space_radiation,4.6306147323827425,keV
2018-04-03 20:42:42.426852,5abfebcc520148bec1b9006e,timeout,space_radiation,49.647394757486964,keV
2018-04-03 20:42:43.000000,5abfebc7520148bec1b9006c,request,space_radiation,49.05896111101972,keV
2018-04-03 20:42:45.426852,5abfebc7520148bec1b9006c,timeout,cold_dark_matter_concentration,6.0484777044893505,CeV
2018-04-03 20:42:45.426852,5abfebca520148bec1b9006d,timeout,cold_dark_matter_concentration,0.6093281460417828,CeV
2018-04-03 20:42:45.426852,5abfebcc520148bec1b9006e,timeout,cold_dark_matter_concentration,5.802281489140148,CeV
2018-04-03 20:42:45.426852,5abfebc7520148bec1b9006c,timeout,hot_dark_matter_concentration,41.69058750672121,TeV
2018-04-03 20:42:45.426852,5abfebca520148bec1b9006d,timeout,hot_dark_matter_concentration,60.22093008515802,TeV
2018-04-03 20:42:45.426852,5abfebcc520148bec1b9006e,timeout,hot_dark_matter_concentration,35.91746939943534,TeV
2018-04-03 20:42:45.426852,5abfebc7520148bec1b9006c,timeout,warm_dark_matter_concentration,6.182314875608167,eV
2018-04-03 20:42:45.426852,5abfebca520148bec1b9006d,timeout,warm_dark_matter_concentration,0.5558399126180387,eV
2018-04-03 20:42:45.426852,5abfebcc520148bec1b9006e,timeout,warm_dark_matter_concentration,5.102989398631765,eV
2018-04-03 20:42:45.426852,5abfebc7520148bec1b9006c,timeout,space_radiation,9.680017273778708,keV
2018-04-03 20:42:45.426852,5abfebca520148bec1b9006d,timeout,space_radiation,67.95212928290582,keV
2018-04-03 20:42:45.426852,5abfebcc520148bec1b9006e,timeout,space_radiation,53.17187477799127,keV
2018-04-03 20:42:54.426852,5abfebc7520148bec1b9006c,timeout,cold_dark_matter_concentration,10.489072895353871,CeV
2018-04-03 20:42:54.426852,5abfebca520148bec1b9006d,timeout,cold_dark_matter_concentration,3.443056486545279,CeV
2018-04-03 20:42:54.426852,5abfebcc520148bec1b9006e,timeout,cold_dark_matter_concentration,7.6813264396429,CeV
2018-04-03 20:42:54.426852,5abfebc7520148bec1b9006c,timeout,hot_dark_matter_concentration,98.62452905916855,TeV
2018-04-03 20:42:54.426852,5abfebca520148bec1b9006d,timeout,hot_dark_matter_concentration,23.935963248969372,TeV
2018-04-03 20:42:54.426852,5abfebcc520148bec1b9006e,timeout,hot_dark_matter_concentration,1.8831876661873803,TeV
2018-04-03 20:42:54.426852,5abfebc7520148bec1b9006c,timeout,warm_dark_matter_concentration,14.623934245503552,eV
2018-04-03 20:42:54.426852,5abfebca520148bec1b9006d,timeout,warm_dark_matter_concentration,14.704072675411247,eV
2018-04-03 20:42:54.426852,5abfebcc520148bec1b9006e,timeout,warm_dark_matter_concentration,5.452116671438768,eV
2018-04-03 20:42:54.426852,5abfebc7520148bec1b9006c,timeout,space_radiation,28.261599300151495,keV
2018-04-03 20:42:54.426852,5abfebca520148bec1b9006d,timeout,space_radiation,54.54359640253256,keV
2018-04-03 20:42:54.426852,5abfebcc520148bec1b9006e,timeout,space_radiation,80.33890149031919,keV
2018-04-03 20:43:12.426852,5abfebc7520148bec1b9006c,timeout,cold_dark_matter_concentration,10.844303534569317,CeV
2018-04-03 20:43:12.426852,5abfebca520148bec1b9006d,timeout,cold_dark_matter_concentration,1.5700968941274551,CeV
2018-04-03 20:43:12.426852,5abfebcc520148bec1b9006e,timeout,cold_dark_matter_concentration,6.855543729677523,CeV
2018-04-03 20:43:12.426852,5abfebc7520148bec1b9006c,timeout,hot_dark_matter_concentration,29.886035995894765,TeV
2018-04-03 20:43:12.426852,5abfebca520148bec1b9006d,timeout,hot_dark_matter_concentration,24.441634694562065,TeV
2018-04-03 20:43:12.426852,5abfebcc520148bec1b9006e,timeout,hot_dark_matter_concentration,45.433280816839336,TeV
2018-04-03 20:43:12.426852,5abfebc7520148bec1b9006c,timeout,warm_dark_matter_concentration,23.727330407962036,eV
2018-04-03 20:43:12.426852,5abfebca520148bec1b9006d,timeout,warm_dark_matter_concentration,18.184011811400275,eV
2018-04-03 20:43:12.426852,5abfebcc520148bec1b9006e,timeout,warm_dark_matter_concentration,6.786023586167287,eV
2018-04-03 20:43:12.426852,5abfebc7520148bec1b9006c,timeout,space_radiation,51.73573498251803,keV
2018-04-03 20:43:12.426852,5abfebca520148bec1b9006d,timeout,space_radiation,64.16073247072742,keV
2018-04-03 20:43:12.426852,5abfebcc520148bec1b9006e,timeout,space_radiation,23.55884514068035,keV
